Aruco_ID,Cam_ID,Time,X,Y,Z,x_rot,y_rot,z_rot,Aruco_ID,Cam_ID,Time,X,Y,Z,x_rot,y_rot,z_rot
20,0,0,0,0,0,0,0,0,23,0,0,0,0,0,0,0,0
20,0,0,0,0,0,0,0,0,23,8,0,3.6891312822632853,5.957045624614114,1.1293931213221904,0.07112626279846611,-0.03366726380650211,-0.14722523333506343
20,0,0,0,0,0,0,0,0,23,8,0.011565923690795898,3.688853213297981,5.957003281787582,1.1271182400953563,0.09381337413078572,-0.027502705021684216,-0.15125922129281663
20,0,0,0,0,0,0,0,0,23,8,0.5305593013763428,3.6891312822632853,5.957045624614114,1.1293931213221904,0.07112626279846611,-0.03366726380650211,-0.14722523333506343
20,0,0,0,0,0,0,0,0,23,8,0.9838829040527344,3.689227231626395,5.95324665786239,1.1375716527134547,0.06429180212467141,-0.012768426657773045,-0.13717377824204952
20,0,0,0,0,0,0,0,0,23,8,1.4774949550628662,3.689227231626395,5.95324665786239,1.1375716527134547,0.06429180212467141,-0.012768426657773045,-0.13717377824204952
20,0,0,0,0,0,0,0,0,23,8,1.9692246913909912,3.6891312822632853,5.957045624614114,1.1293931213221904,0.07112626279846611,-0.03366726380650211,-0.14722523333506343
